att,imu,gps,pwr
2022-07-01 04:24:04.822124+00:00,1656649444.822124,55342.99,-0.8990646246237598,-0.8990646246237598,-0.8990646246237598,0.4378159439195173,0.4378159439195173,0.4378159439195173,0.8990646246237598,0.8990646246237598,0.8990646246237598,-0.9397737567685309
2022-07-01 04:24:04.872788+00:00,1656649444.872788,55343.04,-0.7168665355506768,-0.7168665355506768,-0.7168665355506768,0.6972104203234274,0.6972104203234274,0.6972104203234274,0.7168665355506768,0.7168665355506768,0.7168665355506768,-0.9397846367451412
2022-07-01 04:24:04.923530+00:00,1656649444.9235303,55343.09,-0.46219850862930306,-0.46219850862930306,-0.46219850862930306,0.8867764874086638,0.8867764874086638,0.8867764874086638,0.46219850862930306,0.46219850862930306,0.46219850862930306,-0.9397955326376115
2022-07-01 04:24:04.973974+00:00,1656649444.9739745,55343.14,-0.16279518371968177,-0.16279518371968177,-0.16279518371968177,0.9866598847412795,0.9866598847412795,0.9866598847412795,0.16279518371968177,0.16279518371968177,0.16279518371968177,-0.9398063635290289
2022-07-01 04:24:05.024821+00:00,1656649445.024821,55343.2,0.15532270097295786,0.15532270097295786,0.15532270097295786,0.9878637854291781,0.9878637854291781,0.9878637854291781,-0.15532270097295786,-0.15532270097295786,-0.15532270097295786,-0.9398172798311328
2022-07-01 04:24:05.076056+00:00,1656649445.0760558,55343.25,0.45989113719246244,0.45989113719246244,0.45989113719246244,0.8879753047984069,0.8879753047984069,0.8879753047984069,-0.45989113719246244,-0.45989113719246244,-0.45989113719246244,-0.939828278577947
2022-07-01 04:24:05.127010+00:00,1656649445.1270103,55343.3,0.7159812767947793,0.7159812767947793,0.7159812767947793,0.698119482094088,0.698119482094088,0.698119482094088,-0.7159812767947793,-0.7159812767947793,-0.7159812767947793,-0.9398392161398461
2022-07-01 04:24:05.177988+00:00,1656649445.177988,55343.35,0.8993723228133844,0.8993723228133844,0.8993723228133844,0.4371835140501726,0.4371835140501726,0.4371835140501726,-0.8993723228133844,-0.8993723228133844,-0.8993723228133844,-0.9398501577489219
2022-07-01 04:24:05.228747+00:00,1656649445.2287467,55343.4,0.9910969352442386,0.9910969352442386,0.9910969352442386,0.1331422733375001,0.1331422733375001,0.1331422733375001,-0.9910969352442386,-0.9910969352442386,-0.9910969352442386,-0.939861051354774
2022-07-01 04:24:05.279636+00:00,1656649445.2796364,55343.45,0.9827127666971396,0.9827127666971396,0.9827127666971396,-0.18513675532009666,-0.18513675532009666,-0.18513675532009666,-0.9827127666971396,-0.9827127666971396,-0.9827127666971396,-0.9398719721540163
2022-07-01 04:24:05.330317+00:00,1656649445.3303165,55343.5,0.8753471979662126,0.8753471979662126,0.8753471979662126,-0.4834948634811959,-0.4834948634811959,-0.4834948634811959,-0.8753471979662126,-0.8753471979662126,-0.8753471979662126,-0.9398828469891288
2022-07-01 04:24:05.381260+00:00,1656649445.3812604,55343.55,0.6787536414397692,0.6787536414397692,0.6787536414397692,-0.7343660492099653,-0.7343660492099653,-0.7343660492099653,-0.6787536414397692,-0.6787536414397692,-0.6787536414397692,-0.9398937774382998
2022-07-01 04:24:05.432133+00:00,1656649445.432133,55343.6,0.4136150331557345,0.4136150331557345,0.4136150331557345,-0.9104518682212589,-0.9104518682212589,-0.9104518682212589,-0.4136150331557345,-0.4136150331557345,-0.4136150331557345,-0.9399046917405648
2022-07-01 04:24:05.483034+00:00,1656649445.4830341,55343.65,0.1063989043202909,0.1063989043202909,0.1063989043202909,-0.9943235253977659,-0.9943235253977659,-0.9943235253977659,-0.1063989043202909,-0.1063989043202909,-0.1063989043202909,-0.9399156110840019
2022-07-01 04:24:05.534040+00:00,1656649445.5340402,55343.7,-0.2122527494526344,-0.2122527494526344,-0.2122527494526344,-0.9772148025637952,-0.9772148025637952,-0.9772148025637952,0.2122527494526344,0.2122527494526344,0.2122527494526344,-0.9399265520392143
2022-07-01 04:24:05.584965+00:00,1656649445.5849655,55343.76,-0.5088536770097285,-0.5088536770097285,-0.5088536770097285,-0.8608530277542613,-0.8608530277542613,-0.8608530277542613,0.5088536770097285,0.5088536770097285,0.5088536770097285,-0.9399374747032879
2022-07-01 04:24:05.635753+00:00,1656649445.635753,55343.81,-0.7532304692390768,-0.7532304692390768,-0.7532304692390768,-0.657756687696811,-0.657756687696811,-0.657756687696811,0.7532304692390768,0.7532304692390768,0.7532304692390768,-0.9399483668028348
2022-07-01 04:24:05.686318+00:00,1656649445.6863182,55343.86,-0.9210120204177411,-0.9210120204177411,-0.9210120204177411,-0.3895341554293159,-0.3895341554293159,-0.3895341554293159,0.9210120204177411,0.9210120204177411,0.9210120204177411,-0.9399592103475002
2022-07-01 04:24:05.736883+00:00,1656649445.7368832,55343.91,-0.9966056597581124,-0.9966056597581124,-0.9966056597581124,-0.0823235017361226,-0.0823235017361226,-0.0823235017361226,0.9966056597581124,0.9966056597581124,0.9966056597581124,-0.9399700528639107
2022-07-01 04:24:05.787722+00:00,1656649445.7877219,55343.96,-0.972043746482149,-0.972043746482149,-0.972043746482149,0.23479981883499756,0.23479981883499756,0.23479981883499756,0.972043746482149,0.972043746482149,0.972043746482149,-0.9399809531436711
2022-07-01 04:24:05.838628+00:00,1656649445.838628,55344.01,-0.8489159738158084,-0.8489159738158084,-0.8489159738158084,0.5285278321908484,0.5285278321908484,0.5285278321908484,0.8489159738158084,0.8489159738158084,0.8489159738158084,-0.9399918668828764
2022-07-01 04:24:05.889522+00:00,1656649445.889522,55344.06,-0.6397356969815926,-0.6397356969815926,-0.6397356969815926,0.7685949765692435,0.7685949765692435,0.7685949765692435,0.6397356969815926,0.6397356969815926,0.6397356969815926,-0.9400027770788109
2022-07-01 04:24:05.940380+00:00,1656649445.94038,55344.11,-0.36590296804417505,-0.36590296804417505,-0.36590296804417505,0.9306530062147027,0.9306530062147027,0.9306530062147027,0.36590296804417505,0.36590296804417505,0.36590296804417505,-0.940013678648812
2022-07-01 04:24:05.990984+00:00,1656649445.9909837,55344.16,-0.05662136973141397,-0.05662136973141397,-0.05662136973141397,0.9983957233931536,0.9983957233931536,0.9983957233931536,0.05662136973141397,0.05662136973141397,0.05662136973141397,-0.9400245246576052
2022-07-01 04:24:06.041631+00:00,1656649446.0416315,55344.21,0.2586052016574598,0.2586052016574598,0.2586052016574598,0.9659831000983944,0.9659831000983944,0.9659831000983944,-0.2586052016574598,-0.2586052016574598,-0.2586052016574598,-0.9400353792059735
2022-07-01 04:24:06.092319+00:00,1656649446.0923193,55344.26,0.5480736657451787,0.5480736657451787,0.5480736657451787,0.836430066961155,0.836430066961155,0.836430066961155,-0.5480736657451787,-0.5480736657451787,-0.5480736657451787,-0.9400462413782374
2022-07-01 04:24:06.143042+00:00,1656649446.1430423,55344.31,0.7825556625647533,0.7825556625647533,0.7825556625647533,0.6225806252910863,0.6225806252910863,0.6225806252910863,-0.7825556625647533,-0.7825556625647533,-0.7825556625647533,-0.9400571101002384
2022-07-01 04:24:06.193958+00:00,1656649446.1939576,55344.36,0.9386415779046268,0.9386415779046268,0.9386415779046268,0.3448941696067252,0.3448941696067252,0.3448941696067252,-0.9386415779046268,-0.9386415779046268,-0.9386415779046268,-0.9400680191116847
2022-07-01 04:24:06.244621+00:00,1656649446.2446213,55344.42,0.9994289942282452,0.9994289942282452,0.9994289942282452,0.033788836853586954,0.033788836853586954,0.033788836853586954,-0.9994289942282452,-0.9994289942282452,-0.9994289942282452,-0.9400788732981594
2022-07-01 04:24:06.295317+00:00,1656649446.2953174,55344.47,0.9597353744916027,0.9597353744916027,0.9597353744916027,-0.2809056976094702,-0.2809056976094702,-0.2809056976094702,-0.9597353744916027,-0.9597353744916027,-0.9597353744916027,-0.9400897334379209
2022-07-01 04:24:06.346047+00:00,1656649446.3460467,55344.52,0.823366506028435,0.823366506028435,0.823366506028435,-0.5675099970489745,-0.5675099970489745,-0.5675099970489745,-0.823366506028435,-0.823366506028435,-0.823366506028435,-0.940100599687881
2022-07-01 04:24:06.396577+00:00,1656649446.3965771,55344.57,0.6050480981411227,0.6050480981411227,0.6050480981411227,-0.7961889216359459,-0.7961889216359459,-0.7961889216359459,-0.6050480981411227,-0.6050480981411227,-0.6050480981411227,-0.9401114224037735
2022-07-01 04:24:06.447334+00:00,1656649446.4473338,55344.62,0.3249055546105978,0.3249055546105978,0.3249055546105978,-0.94574646739133,-0.94574646739133,-0.94574646739133,-0.3249055546105978,-0.3249055546105978,-0.3249055546105978,-0.9401222926990688
2022-07-01 04:24:06.497983+00:00,1656649446.497983,55344.67,0.012674219014025798,0.012674219014025798,0.012674219014025798,-0.9999196788604495,-0.9999196788604495,-0.9999196788604495,-0.012674219014025798,-0.012674219014025798,-0.012674219014025798,-0.9401331389075541
2022-07-01 04:24:06.548698+00:00,1656649446.5486982,55344.72,-0.30122641662761507,-0.30122641662761507,-0.30122641662761507,-0.9535526445486303,-0.9535526445486303,-0.9535526445486303,0.30122641662761507,0.30122641662761507,0.30122641662761507,-0.9401439983664001
2022-07-01 04:24:06.599182+00:00,1656649446.5991817,55344.77,-0.5836173863238477,-0.5836173863238477,-0.5836173863238477,-0.8120287842068905,-0.8120287842068905,-0.8120287842068905,0.5836173863238477,0.5836173863238477,0.5836173863238477,-0.9401548072853307
2022-07-01 04:24:06.649939+00:00,1656649446.6499386,55344.82,-0.8087894405489842,-0.8087894405489842,-0.8087894405489842,-0.588098325840553,-0.588098325840553,-0.588098325840553,0.8087894405489842,0.8087894405489842,0.8087894405489842,-0.9401656737638532
2022-07-01 04:24:06.700587+00:00,1656649446.7005868,55344.87,-0.9521894531149461,-0.9521894531149461,-0.9521894531149461,-0.3055081756298182,-0.3055081756298182,-0.3055081756298182,0.9521894531149461,0.9521894531149461,0.9521894531149461,-0.9401765160446608
2022-07-01 04:24:06.751471+00:00,1656649446.7514706,55344.92,-0.999957315108678,-0.999957315108678,-0.999957315108678,0.009239478375099294,0.009239478375099294,0.009239478375099294,0.999957315108678,0.999957315108678,0.999957315108678,-0.94018740773871
2022-07-01 04:24:06.802132+00:00,1656649446.8021321,55344.97,-0.9468317629495219,-0.9468317629495219,-0.9468317629495219,0.3217290982642081,0.3217290982642081,0.3217290982642081,0.9468317629495219,0.9468317629495219,0.9468317629495219,-0.9401982509262626
2022-07-01 04:24:06.852707+00:00,1656649446.852707,55345.02,-0.798903115828378,-0.798903115828378,-0.798903115828378,0.6014597339138417,0.6014597339138417,0.6014597339138417,0.798903115828378,0.798903115828378,0.798903115828378,-0.9402090746442351
2022-07-01 04:24:06.903605+00:00,1656649446.9036047,55345.07,-0.5693129231326001,-0.5693129231326001,-0.5693129231326001,0.8221209129770476,0.8221209129770476,0.8221209129770476,0.5693129231326001,0.5693129231326001,0.5693129231326001,-0.9402199664784239
2022-07-01 04:24:06.954403+00:00,1656649446.9544034,55345.13,-0.282589191452859,-0.282589191452859,-0.282589191452859,0.9592410275181203,0.9592410275181203,0.9592410275181203,0.282589191452859,0.282589191452859,0.282589191452859,-0.9402308361415923
2022-07-01 04:24:07.005367+00:00,1656649447.0053673,55345.18,0.033716585163210584,0.033716585163210584,0.033716585163210584,0.9994314343089935,0.9994314343089935,0.9994314343089935,-0.033716585163210584,-0.033716585163210584,-0.033716585163210584,-0.9402417402060711
2022-07-01 04:24:07.056045+00:00,1656649447.0560446,55345.23,0.3449050864148908,0.3449050864148908,0.3449050864148908,0.9386375665639729,0.9386375665639729,0.9386375665639729,-0.3449050864148908,-0.3449050864148908,-0.3449050864148908,-0.9402525819882938
2022-07-01 04:24:07.106819+00:00,1656649447.1068194,55345.28,0.6218999072872218,0.6218999072872218,0.6218999072872218,0.7830967407135245,0.7830967407135245,0.7830967407135245,-0.6218999072872218,-0.6218999072872218,-0.6218999072872218,-0.9402634437436158
2022-07-01 04:24:07.157517+00:00,1656649447.1575172,55345.33,0.8358662742344906,0.8358662742344906,0.8358662742344906,0.5489331212427898,0.5489331212427898,0.5489331212427898,-0.8358662742344906,-0.8358662742344906,-0.8358662742344906,-0.9402742879766671
2022-07-01 04:24:07.208203+00:00,1656649447.2082026,55345.38,0.9657128148844564,0.9657128148844564,0.9657128148844564,0.2596127099506872,0.2596127099506872,0.2596127099506872,-0.9657128148844564,-0.9657128148844564,-0.9657128148844564,-0.9402851286402882
2022-07-01 04:24:07.258867+00:00,1656649447.2588668,55345.43,0.9984485139829067,0.9984485139829067,0.9984485139829067,-0.055682716576380006,-0.055682716576380006,-0.055682716576380006,-0.9984485139829067,-0.9984485139829067,-0.9984485139829067,-0.9402959638332604
2022-07-01 04:24:07.309502+00:00,1656649447.309502,55345.48,0.9309241668236379,0.9309241668236379,0.9309241668236379,-0.3652125348666384,-0.3652125348666384,-0.3652125348666384,-0.9309241668236379,-0.9309241668236379,-0.9309241668236379,-0.9403067918135113
2022-07-01 04:24:07.359995+00:00,1656649447.359995,55345.53,0.7705338682680383,0.7705338682680383,0.7705338682680383,-0.6373990569901195,-0.6373990569901195,-0.6373990569901195,-0.7705338682680383,-0.7705338682680383,-0.7705338682680383,-0.9403175884962042
2022-07-01 04:24:07.410845+00:00,1656649447.4108446,55345.58,0.5313388977699522,0.5313388977699522,0.5313388977699522,-0.8471593567426451,-0.8471593567426451,-0.8471593567426451,-0.5313388977699522,-0.5313388977699522,-0.5313388977699522,-0.9403284604863814
2022-07-01 04:24:07.461516+00:00,1656649447.4615161,55345.63,0.23945238725757978,0.23945238725757978,0.23945238725757978,-0.9709081080290998,-0.9709081080290998,-0.9709081080290998,-0.23945238725757978,-0.23945238725757978,-0.23945238725757978,-0.9403392934128881
2022-07-01 04:24:07.512048+00:00,1656649447.5120478,55345.68,-0.07562509873921819,-0.07562509873921819,-0.07562509873921819,-0.9971363218941949,-0.9971363218941949,-0.9971363218941949,0.07562509873921819,0.07562509873921819,0.07562509873921819,-0.9403500954444969
2022-07-01 04:24:07.562772+00:00,1656649447.562772,55345.73,-0.38426142800717733,-0.38426142800717733,-0.38426142800717733,-0.9232243253651221,-0.9232243253651221,-0.9232243253651221,0.38426142800717733,0.38426142800717733,0.38426142800717733,-0.9403609377538432
2022-07-01 04:24:07.613438+00:00,1656649447.6134384,55345.78,-0.6539196138995937,-0.6539196138995937,-0.6539196138995937,-0.7565640346708309,-0.7565640346708309,-0.7565640346708309,0.6539196138995937,0.6539196138995937,0.6539196138995937,-0.9403717667532795
2022-07-01 04:24:07.664046+00:00,1656649447.6640463,55345.83,-0.8576763953837542,-0.8576763953837542,-0.8576763953837542,-0.5141898489872493,-0.5141898489872493,-0.5141898489872493,0.8576763953837542,0.8576763953837542,0.8576763953837542,-0.9403825822876765
2022-07-01 04:24:07.714537+00:00,1656649447.7145371,55345.89,-0.9752783352234474,-0.9752783352234474,-0.9752783352234474,-0.22098001910530513,-0.22098001910530513,-0.22098001910530513,0.9752783352234474,0.9752783352234474,0.9752783352234474,-0.9403933718493999
2022-07-01 04:24:07.765290+00:00,1656649447.7652903,55345.94,-0.9953887873010266,-0.9953887873010266,-0.9953887873010266,0.0959226882202096,0.0959226882202096,0.0959226882202096,0.9953887873010266,0.9953887873010266,0.9953887873010266,-0.9404042164421827
2022-07-01 04:24:07.815984+00:00,1656649447.8159835,55345.99,-0.9152830908882061,-0.9152830908882061,-0.9152830908882061,0.40281120085485667,0.40281120085485667,0.40281120085485667,0.9152830908882061,0.9152830908882061,0.9152830908882061,-0.9404150473720225
2022-07-01 04:24:07.866661+00:00,1656649447.8666608,55346.04,-0.7431698634611354,-0.7431698634611354,-0.7431698634611354,0.6691027978144743,0.6691027978144743,0.6691027978144743,0.7431698634611354,0.7431698634611354,0.7431698634611354,-0.9404258739438176
2022-07-01 04:24:07.917434+00:00,1656649447.9174342,55346.09,-0.49581767922656017,-0.49581767922656017,-0.49581767922656017,0.8684266399451297,0.8684266399451297,0.8684266399451297,0.49581767922656017,0.49581767922656017,0.49581767922656017,-0.9404367200633142
2022-07-01 04:24:07.968004+00:00,1656649447.9680035,55346.14,-0.19968895372027293,-0.19968895372027293,-0.19968895372027293,0.9798593377429756,0.9798593377429756,0.9798593377429756,0.19968895372027293,0.19968895372027293,0.19968895372027293,-0.9404475216150536
2022-07-01 04:24:08.018702+00:00,1656649448.018702,55346.19,0.11723749259336472,0.11723749259336472,0.11723749259336472,0.9931039071166827,0.9931039071166827,0.9931039071166827,-0.11723749259336472,-0.11723749259336472,-0.11723749259336472,-0.9404583498376428
2022-07-01 04:24:08.069214+00:00,1656649448.0692136,55346.24,0.4213024876328471,0.4213024876328471,0.4213024876328471,0.9069201805640752,0.9069201805640752,0.9069201805640752,-0.4213024876328471,-0.4213024876328471,-0.4213024876328471,-0.9404691371431202
2022-07-01 04:24:08.119832+00:00,1656649448.1198316,55346.29,0.6837751280768322,0.6837751280768322,0.6837751280768322,0.7296927944166036,0.7296927944166036,0.7296927944166036,-0.6837751280768322,-0.6837751280768322,-0.6837751280768322,-0.9404799462899726
2022-07-01 04:24:08.170651+00:00,1656649448.1706507,55346.34,0.8782686084163308,0.8782686084163308,0.8782686084163308,0.47816759767935113,0.47816759767935113,0.47816759767935113,-0.8782686084163308,-0.8782686084163308,-0.8782686084163308,-0.940490797368733
2022-07-01 04:24:08.221179+00:00,1656649448.2211795,55346.39,0.9836488396874228,0.9836488396874228,0.9836488396874228,0.1800970854333488,0.1800970854333488,0.1800970854333488,-0.9836488396874228,-0.9836488396874228,-0.9836488396874228,-0.9405015855428629
2022-07-01 04:24:08.272048+00:00,1656649448.2720482,55346.44,0.9904196299515888,0.9904196299515888,0.9904196299515888,-0.13809039288291539,-0.13809039288291539,-0.13809039288291539,-0.9904196299515888,-0.9904196299515888,-0.9904196299515888,-0.9405124453491243
2022-07-01 04:24:08.322933+00:00,1656649448.3229327,55346.49,0.8968286644755697,0.8968286644755697,0.8968286644755697,-0.44237805842397515,-0.44237805842397515,-0.44237805842397515,-0.8968286644755697,-0.8968286644755697,-0.8968286644755697,-0.9405233075167706
2022-07-01 04:24:08.373671+00:00,1656649448.3736708,55346.54,0.7129874715192879,0.7129874715192879,0.7129874715192879,-0.7011767719031576,-0.7011767719031576,-0.7011767719031576,-0.7129874715192879,-0.7129874715192879,-0.7129874715192879,-0.9405341375210896
2022-07-01 04:24:08.424672+00:00,1656649448.424672,55346.6,0.45582755996739177,0.45582755996739177,0.45582755996739177,-0.8900681072671764,-0.8900681072671764,-0.8900681072671764,-0.45582755996739177,-0.45582755996739177,-0.45582755996739177,-0.940545022641061
2022-07-01 04:24:08.475620+00:00,1656649448.4756203,55346.65,0.15258354801597507,0.15258354801597507,0.15258354801597507,-0.9882905751219409,-0.9882905751219409,-0.9882905751219409,-0.15258354801597507,-0.15258354801597507,-0.15258354801597507,-0.9405558956451666
2022-07-01 04:24:08.526424+00:00,1656649448.5264242,55346.7,-0.1652664258486331,-0.1652664258486331,-0.1652664258486331,-0.9862489586748461,-0.9862489586748461,-0.9862489586748461,0.1652664258486331,0.1652664258486331,0.1652664258486331,-0.9405667367685218
2022-07-01 04:24:08.577523+00:00,1656649448.5775228,55346.75,-0.468056517110104,-0.468056517110104,-0.468056517110104,-0.8836985327535397,-0.8836985327535397,-0.8836985327535397,0.468056517110104,0.468056517110104,0.468056517110104,-0.9405776398291796
2022-07-01 04:24:08.628191+00:00,1656649448.6281912,55346.8,-0.7211421990240632,-0.7211421990240632,-0.7211421990240632,-0.692787073195465,-0.692787073195465,-0.692787073195465,0.7211421990240632,0.7211421990240632,0.7211421990240632,-0.9405884501742532
2022-07-01 04:24:08.679140+00:00,1656649448.6791399,55346.85,-0.9025121669699725,-0.9025121669699725,-0.9025121669699725,-0.4306643570939724,-0.4306643570939724,-0.4306643570939724,0.9025121669699725,0.9025121669699725,0.9025121669699725,-0.9405993192490397
2022-07-01 04:24:08.729940+00:00,1656649448.7299402,55346.9,-0.9920675071735756,-0.9920675071735756,-0.9920675071735756,-0.12570624968714786,-0.12570624968714786,-0.12570624968714786,0.9920675071735756,0.9920675071735756,0.9920675071735756,-0.9406101558216482
2022-07-01 04:24:08.780704+00:00,1656649448.7807038,55346.95,-0.9814492181276465,-0.9814492181276465,-0.9814492181276465,0.19172227892613664,0.19172227892613664,0.19172227892613664,0.9814492181276465,0.9814492181276465,0.9814492181276465,-0.9406209835718309
2022-07-01 04:24:08.831384+00:00,1656649448.8313842,55347.0,-0.8720835241972016,-0.8720835241972016,-0.8720835241972016,0.48935705453563133,0.48935705453563133,0.48935705453563133,0.8720835241972016,0.8720835241972016,0.8720835241972016,-0.9406317926625021
2022-07-01 04:24:08.882019+00:00,1656649448.8820193,55347.05,-0.6752432290421497,-0.6752432290421497,-0.6752432290421497,0.7375951339540757,0.7375951339540757,0.7375951339540757,0.6752432290421497,0.6752432290421497,0.6752432290421497,-0.940642591079603
2022-07-01 04:24:08.932664+00:00,1656649448.9326642,55347.1,-0.4105743027050189,-0.4105743027050189,-0.4105743027050189,0.9118271447803512,0.9118271447803512,0.9118271447803512,0.4105743027050189,0.4105743027050189,0.4105743027050189,-0.9406533906385062
2022-07-01 04:24:08.983369+00:00,1656649448.9833689,55347.15,-0.10430738402844059,-0.10430738402844059,-0.10430738402844059,0.9945451068891463,0.9945451068891463,0.9945451068891463,0.10430738402844059,0.10430738402844059,0.10430738402844059,-0.9406642020047923
2022-07-01 04:24:09.034060+00:00,1656649449.0340602,55347.2,0.21237706140416215,0.21237706140416215,0.21237706140416215,0.9771877935122464,0.9771877935122464,0.9771877935122464,-0.21237706140416215,-0.21237706140416215,-0.21237706140416215,-0.9406750096117736
2022-07-01 04:24:09.084661+00:00,1656649449.0846608,55347.26,0.507205374193571,0.507205374193571,0.507205374193571,0.8618252191652085,0.8618252191652085,0.8618252191652085,-0.507205374193571,-0.507205374193571,-0.507205374193571,-0.9406857968713288
2022-07-01 04:24:09.135367+00:00,1656649449.1353672,55347.31,0.7516345727153345,0.7516345727153345,0.7516345727153345,0.6595797670479564,0.6595797670479564,0.6595797670479564,-0.7516345727153345,-0.7516345727153345,-0.7516345727153345,-0.9406966057309807
2022-07-01 04:24:09.185965+00:00,1656649449.1859646,55347.36,0.9201446983504352,0.9201446983504352,0.9201446983504352,0.39157851587847187,0.39157851587847187,0.39157851587847187,-0.9201446983504352,-0.9201446983504352,-0.9201446983504352,-0.9407073904154902
2022-07-01 04:24:09.236566+00:00,1656649449.236566,55347.41,0.9964397066229542,0.9964397066229542,0.9964397066229542,0.08430842819766604,0.08430842819766604,0.08430842819766604,-0.9964397066229542,-0.9964397066229542,-0.9964397066229542,-0.9407181750179506
2022-07-01 04:24:09.287113+00:00,1656649449.2871127,55347.46,0.9729351406048511,0.9729351406048511,0.9729351406048511,-0.23107836804040904,-0.23107836804040904,-0.23107836804040904,-0.9729351406048511,-0.9729351406048511,-0.9729351406048511,-0.940728946982419
2022-07-01 04:24:09.337607+00:00,1656649449.3376067,55347.51,0.8522899835966034,0.8522899835966034,0.8522899835966034,-0.5230695784127591,-0.5230695784127591,-0.5230695784127591,-0.8522899835966034,-0.8522899835966034,-0.8522899835966034,-0.9407397067857316
2022-07-01 04:24:09.388236+00:00,1656649449.3882358,55347.56,0.6459265331484383,0.6459265331484383,0.6459265331484383,-0.7633995767452583,-0.7633995767452583,-0.7633995767452583,-0.6459265331484383,-0.6459265331484383,-0.6459265331484383,-0.9407504944204209
2022-07-01 04:24:09.438806+00:00,1656649449.438806,55347.61,0.3750892509555477,0.3750892509555477,0.3750892509555477,-0.9269887020981465,-0.9269887020981465,-0.9269887020981465,-0.3750892509555477,-0.3750892509555477,-0.3750892509555477,-0.9407612685902066
2022-07-01 04:24:09.489693+00:00,1656649449.4896932,55347.66,0.06471513010257654,0.06471513010257654,0.06471513010257654,-0.9979037788964458,-0.9979037788964458,-0.9979037788964458,-0.06471513010257654,-0.06471513010257654,-0.06471513010257654,-0.9407721092634217
2022-07-01 04:24:09.540409+00:00,1656649449.5404086,55347.71,-0.2511756257838643,-0.2511756257838643,-0.2511756257838643,-0.9679415297486126,-0.9679415297486126,-0.9679415297486126,0.2511756257838643,0.2511756257838643,0.2511756257838643,-0.9407829124689338
2022-07-01 04:24:09.590977+00:00,1656649449.590977,55347.76,-0.5409990688658286,-0.5409990688658286,-0.5409990688658286,-0.8410231908136103,-0.8410231908136103,-0.8410231908136103,0.5409990688658286,0.5409990688658286,0.5409990688658286,-0.9407936833465327
2022-07-01 04:24:09.641685+00:00,1656649449.6416855,55347.81,-0.7772200921243859,-0.7772200921243859,-0.7772200921243859,-0.6292288362735461,-0.6292288362735461,-0.6292288362735461,0.7772200921243859,0.7772200921243859,0.7772200921243859,-0.9408044831448014
2022-07-01 04:24:09.693089+00:00,1656649449.693089,55347.86,-0.9367453473579831,-0.9367453473579831,-0.9367453473579831,-0.3500116486678288,-0.3500116486678288,-0.3500116486678288,0.9367453473579831,0.9367453473579831,0.9367453473579831,-0.9408154299458897
2022-07-01 04:24:09.743664+00:00,1656649449.743664,55347.91,-0.9992076977465632,-0.9992076977465632,-0.9992076977465632,-0.03979920557012387,-0.03979920557012387,-0.03979920557012387,0.9992076977465632,0.9992076977465632,0.9992076977465632,-0.9408261994155984
2022-07-01 04:24:09.794336+00:00,1656649449.7943363,55347.97,-0.9614489447653312,-0.9614489447653312,-0.9614489447653312,0.274983502431748,0.274983502431748,0.274983502431748,0.9614489447653312,0.9614489447653312,0.9614489447653312,-0.9408369886062465
2022-07-01 04:24:09.845496+00:00,1656649449.8454964,55348.02,-0.8253232924830417,-0.8253232924830417,-0.8253232924830417,0.5646604846143846,0.5646604846143846,0.5646604846143846,0.8253232924830417,0.8253232924830417,0.8253232924830417,-0.9408478807411443
2022-07-01 04:24:09.896536+00:00,1656649449.8965356,55348.07,-0.6052550705269524,-0.6052550705269524,-0.6052550705269524,0.796031594599997,0.796031594599997,0.796031594599997,0.6052550705269524,0.6052550705269524,0.6052550705269524,-0.9408587461091905
2022-07-01 04:24:09.947199+00:00,1656649449.9471989,55348.12,-0.3257069040016297,-0.3257069040016297,-0.3257069040016297,0.9454707889118908,0.9454707889118908,0.9454707889118908,0.3257069040016297,0.3257069040016297,0.3257069040016297,-0.9408695304901402
2022-07-01 04:24:09.997829+00:00,1656649449.9978294,55348.17,-0.01363792675852764,-0.01363792675852764,-0.01363792675852764,0.9999069991522856,0.9999069991522856,0.9999069991522856,0.01363792675852764,0.01363792675852764,0.01363792675852764,-0.9408803069772329
2022-07-01 04:24:10.048379+00:00,1656649450.048379,55348.22,0.2993137451727243,0.2993137451727243,0.2993137451727243,0.9541547473815123,0.9541547473815123,0.9541547473815123,-0.2993137451727243,-0.2993137451727243,-0.2993137451727243,-0.9408910652808187
2022-07-01 04:24:10.099064+00:00,1656649450.0990639,55348.27,0.5830158122938962,0.5830158122938962,0.5830158122938962,0.8124608068179586,0.8124608068179586,0.8124608068179586,-0.5830158122938962,-0.5830158122938962,-0.5830158122938962,-0.9409018514173093
2022-07-01 04:24:10.150017+00:00,1656649450.1500168,55348.32,0.8090784024677561,0.8090784024677561,0.8090784024677561,0.5877007220177832,0.5877007220177832,0.5877007220177832,-0.8090784024677561,-0.8090784024677561,-0.8090784024677561,-0.9409126936460368
2022-07-01 04:24:10.200751+00:00,1656649450.200751,55348.37,0.9525040158985891,0.9525040158985891,0.9525040158985891,0.3045260246630167,0.3045260246630167,0.3045260246630167,-0.9525040158985891,-0.9525040158985891,-0.9525040158985891,-0.9409234883942426
2022-07-01 04:24:10.251399+00:00,1656649450.2513986,55348.42,0.999961394668639,0.999961394668639,0.999961394668639,-0.00878687500482212,-0.00878687500482212,-0.00878687500482212,-0.999961394668639,-0.999961394668639,-0.999961394668639,-0.9409342636997537
2022-07-01 04:24:10.302263+00:00,1656649450.3022625,55348.47,0.9465677623172495,0.9465677623172495,0.9465677623172495,-0.32250499428956925,-0.32250499428956925,-0.32250499428956925,-0.9465677623172495,-0.9465677623172495,-0.9465677623172495,-0.940945084126763
2022-07-01 04:24:10.352891+00:00,1656649450.352891,55348.52,0.7982077325783651,0.7982077325783651,0.7982077325783651,-0.6023822836472742,-0.6023822836472742,-0.6023822836472742,-0.7982077325783651,-0.7982077325783651,-0.7982077325783651,-0.940955853463219
2022-07-01 04:24:10.403475+00:00,1656649450.4034753,55348.57,0.5699812101293976,0.5699812101293976,0.5699812101293976,-0.8216577268543317,-0.8216577268543317,-0.8216577268543317,-0.5699812101293976,-0.5699812101293976,-0.5699812101293976,-0.9409666125081573
2022-07-01 04:24:10.454111+00:00,1656649450.4541109,55348.62,0.2843511815565697,0.2843511815565697,0.2843511815565697,-0.9587201914778799,-0.9587201914778799,-0.9587201914778799,-0.2843511815565697,-0.2843511815565697,-0.2843511815565697,-0.9409773815172017
2022-07-01 04:24:10.504617+00:00,1656649450.5046175,55348.68,-0.02900717599892411,-0.02900717599892411,-0.02900717599892411,-0.9995792033353672,-0.9995792033353672,-0.9995792033353672,0.02900717599892411,0.02900717599892411,0.02900717599892411,-0.9409881220728864
2022-07-01 04:24:10.555129+00:00,1656649450.5551286,55348.73,-0.33949749748873054,-0.33949749748873054,-0.33949749748873054,-0.9406069578728883,-0.9406069578728883,-0.9406069578728883,0.33949749748873054,0.33949749748873054,0.33949749748873054,-0.9409988626658471
2022-07-01 04:24:10.605838+00:00,1656649450.605838,55348.78,-0.6170587242120816,-0.6170587242120816,-0.6170587242120816,-0.7869171054652188,-0.7869171054652188,-0.7869171054652188,0.6170587242120816,0.6170587242120816,0.6170587242120816,-0.9410096445004643
2022-07-01 04:24:10.656502+00:00,1656649450.656502,55348.83,-0.832347783642209,-0.832347783642209,-0.832347783642209,-0.5542537027985491,-0.5542537027985491,-0.5542537027985491,0.832347783642209,0.832347783642209,0.832347783642209,-0.9410204156900802
2022-07-01 04:24:10.707227+00:00,1656649450.707227,55348.88,-0.9641030426880344,-0.9641030426880344,-0.9641030426880344,-0.2655283846967667,-0.2655283846967667,-0.2655283846967667,0.9641030426880344,0.9641030426880344,0.9641030426880344,-0.9410311989233695
2022-07-01 04:24:10.758047+00:00,1656649450.7580466,55348.93,-0.9987222521450411,-0.9987222521450411,-0.9987222521450411,0.050535760312247276,0.050535760312247276,0.050535760312247276,0.9987222521450411,0.9987222521450411,0.9987222521450411,-0.9410420012856445
2022-07-01 04:24:10.808868+00:00,1656649450.8088684,55348.98,-0.9323707756319105,-0.9323707756319105,-0.9323707756319105,0.361503439468492,0.361503439468492,0.361503439468492,0.9323707756319105,0.9323707756319105,0.9323707756319105,-0.9410528031609955
2022-07-01 04:24:10.859372+00:00,1656649450.8593717,55349.03,-0.7730242412511725,-0.7730242412511725,-0.7730242412511725,0.6343764832006693,0.6343764832006693,0.6343764832006693,0.7730242412511725,0.7730242412511725,0.7730242412511725,-0.941063536430321
2022-07-01 04:24:10.909850+00:00,1656649450.9098501,55349.08,-0.5366224335585523,-0.5366224335585523,-0.5366224335585523,0.8438224717330637,0.8438224717330637,0.8438224717330637,0.5366224335585523,0.5366224335585523,0.5366224335585523,-0.9410742634368818
2022-07-01 04:24:10.960372+00:00,1656649450.9603724,55349.13,-0.24642266633622717,-0.24642266633622717,-0.24642266633622717,0.9691624577519212,0.9691624577519212,0.9691624577519212,0.24642266633622717,0.24642266633622717,0.24642266633622717,-0.941084998827039
2022-07-01 04:24:11.010841+00:00,1656649451.010841,55349.18,0.06806241959908914,0.06806241959908914,0.06806241959908914,0.9976810647889022,0.9976810647889022,0.9976810647889022,-0.06806241959908914,-0.06806241959908914,-0.06806241959908914,-0.9410957218137448
2022-07-01 04:24:11.061465+00:00,1656649451.0614653,55349.23,0.3766690683782295,0.3766690683782295,0.3766690683782295,0.9263478897946908,0.9263478897946908,0.9263478897946908,-0.3766690683782295,-0.3766690683782295,-0.3766690683782295,-0.9411064769962958
2022-07-01 04:24:11.112027+00:00,1656649451.1120272,55349.28,0.6471863525735381,0.6471863525735381,0.6471863525735381,0.7623318339427785,0.7623318339427785,0.7623318339427785,-0.6471863525735381,-0.6471863525735381,-0.6471863525735381,-0.9411172179631083
2022-07-01 04:24:11.162736+00:00,1656649451.1627362,55349.33,0.853414208731461,0.853414208731461,0.853414208731461,0.5212333338681001,0.5212333338681001,0.5212333338681001,-0.853414208731461,-0.853414208731461,-0.853414208731461,-0.9411279891486493
2022-07-01 04:24:11.213541+00:00,1656649451.2135408,55349.38,0.9738757868274701,0.9738757868274701,0.9738757868274701,0.22708137711220594,0.22708137711220594,0.22708137711220594,-0.9738757868274701,-0.9738757868274701,-0.9738757868274701,-0.9411387797625071
2022-07-01 04:24:11.264317+00:00,1656649451.264317,55349.44,0.9959566176944814,0.9959566176944814,0.9959566176944814,-0.0898354922654109,-0.0898354922654109,-0.0898354922654109,-0.9959566176944814,-0.9959566176944814,-0.9959566176944814,-0.9411495633972282
2022-07-01 04:24:11.314845+00:00,1656649451.3148446,55349.49,0.9181417698003789,0.9181417698003789,0.9181417698003789,-0.3962520543137009,-0.3962520543137009,-0.3962520543137009,-0.9181417698003789,-0.9181417698003789,-0.9181417698003789,-0.9411602932353155
2022-07-01 04:24:11.365674+00:00,1656649451.3656738,55349.54,0.7473049012489917,0.7473049012489917,0.7473049012489917,-0.6644812898564073,-0.6644812898564073,-0.6644812898564073,-0.7473049012489917,-0.7473049012489917,-0.7473049012489917,-0.9411710861314656
2022-07-01 04:24:11.416593+00:00,1656649451.416593,55349.59,0.5004010983046174,0.5004010983046174,0.5004010983046174,-0.8657937056917961,-0.8657937056917961,-0.8657937056917961,-0.5004010983046174,-0.5004010983046174,-0.5004010983046174,-0.9411818972246713
2022-07-01 04:24:11.467615+00:00,1656649451.4676147,55349.64,0.20208302709786877,0.20208302709786877,0.20208302709786877,-0.9793683934858027,-0.9793683934858027,-0.9793683934858027,-0.20208302709786877,-0.20208302709786877,-0.20208302709786877,-0.9411927290664621
2022-07-01 04:24:11.517954+00:00,1656649451.517954,55349.69,-0.11257023641451323,-0.11257023641451323,-0.11257023641451323,-0.9936437701075675,-0.9936437701075675,-0.9936437701075675,0.11257023641451323,0.11257023641451323,0.11257023641451323,-0.941203415246749
2022-07-01 04:24:11.568595+00:00,1656649451.568595,55349.74,-0.41777516056157715,-0.41777516056157715,-0.41777516056157715,-0.9085504472607718,-0.9085504472607718,-0.9085504472607718,0.41777516056157715,0.41777516056157715,0.41777516056157715,-0.9412141643513814
2022-07-01 04:24:11.619253+00:00,1656649451.6192534,55349.79,-0.6811202538129223,-0.6811202538129223,-0.6811202538129223,-0.7321715644886929,-0.7321715644886929,-0.7321715644886929,0.6811202538129223,0.6811202538129223,0.6811202538129223,-0.9412249162781027
2022-07-01 04:24:11.669751+00:00,1656649451.6697514,55349.84,-0.8755528867212441,-0.8755528867212441,-0.8755528867212441,-0.4831222853006226,-0.4831222853006226,-0.4831222853006226,0.8755528867212441,0.8755528867212441,0.8755528867212441,-0.9412356331613718
2022-07-01 04:24:11.720569+00:00,1656649451.7205687,55349.89,-0.9829503536398062,-0.9829503536398062,-0.9829503536398062,-0.183871156735851,-0.183871156735851,-0.183871156735851,0.9829503536398062,0.9829503536398062,0.9829503536398062,-0.9412464168383119
2022-07-01 04:24:11.771217+00:00,1656649451.771217,55349.94,-0.9911273504357073,-0.9911273504357073,-0.9911273504357073,0.13291566957396175,0.13291566957396175,0.13291566957396175,0.9911273504357073,0.9911273504357073,0.9911273504357073,-0.9412571637421108
2022-07-01 04:24:11.821964+00:00,1656649451.8219643,55349.99,-0.8995039245928532,-0.8995039245928532,-0.8995039245928532,0.4369126796535604,0.4369126796535604,0.4369126796535604,0.8995039245928532,0.8995039245928532,0.8995039245928532,-0.9412679306443062
2022-07-01 04:24:11.872634+00:00,1656649451.8726337,55350.04,-0.7175412288401091,-0.7175412288401091,-0.7175412288401091,0.6965160334942953,0.6965160334942953,0.6965160334942953,0.7175412288401091,0.7175412288401091,0.7175412288401091,-0.9412786801991961
2022-07-01 04:24:11.923508+00:00,1656649451.9235082,55350.09,-0.46232300458124537,-0.46232300458124537,-0.46232300458124537,0.8867115875159013,0.8867115875159013,0.8867115875159013,0.46232300458124537,0.46232300458124537,0.46232300458124537,-0.9412894721500007
2022-07-01 04:24:11.974230+00:00,1656649451.9742303,55350.15,-0.1612096736606885,-0.1612096736606885,-0.1612096736606885,0.9869201797096938,0.9869201797096938,0.9869201797096938,0.1612096736606885,0.1612096736606885,0.1612096736606885,-0.9413002309143493
2022-07-01 04:24:12.024971+00:00,1656649452.0249705,55350.2,0.15625039706738011,0.15625039706738011,0.15625039706738011,0.9877174765165827,0.9877174765165827,0.9877174765165827,-0.15625039706738011,-0.15625039706738011,-0.15625039706738011,-0.9413109924949473
2022-07-01 04:24:12.075985+00:00,1656649452.0759854,55350.25,0.4594988223133194,0.4594988223133194,0.4594988223133194,0.8881783786451191,0.8881783786451191,0.8881783786451191,-0.4594988223133194,-0.4594988223133194,-0.4594988223133194,-0.9413218114665136
2022-07-01 04:24:12.126965+00:00,1656649452.126965,55350.3,0.7157833675591132,0.7157833675591132,0.7157833675591132,0.6983223974109204,0.6983223974109204,0.6983223974109204,-0.7157833675591132,-0.7157833675591132,-0.7157833675591132,-0.9413326219276524
2022-07-01 04:24:12.177928+00:00,1656649452.1779282,55350.35,0.8992074809940731,0.8992074809940731,0.8992074809940731,0.4375224635653507,0.4375224635653507,0.4375224635653507,-0.8992074809940731,-0.8992074809940731,-0.8992074809940731,-0.9413434278480949
2022-07-01 04:24:12.228595+00:00,1656649452.2285948,55350.4,0.9909693546204733,0.9909693546204733,0.9909693546204733,0.13408854612934928,0.13408854612934928,0.13408854612934928,-0.9909693546204733,-0.9909693546204733,-0.9909693546204733,-0.9413541700325312
2022-07-01 04:24:12.279611+00:00,1656649452.2796113,55350.45,0.9827419251742687,0.9827419251742687,0.9827419251742687,-0.1849819139936984,-0.1849819139936984,-0.1849819139936984,-0.9827419251742687,-0.9827419251742687,-0.9827419251742687,-0.9413649854578973
2022-07-01 04:24:12.330626+00:00,1656649452.3306258,55350.5,0.874405467811213,0.874405467811213,0.874405467811213,-0.4851959169880285,-0.4851959169880285,-0.4851959169880285,-0.874405467811213,-0.874405467811213,-0.874405467811213,-0.9413757994839934
2022-07-01 04:24:12.381786+00:00,1656649452.3817856,55350.55,0.6763262030691801,0.6763262030691801,0.6763262030691801,-0.7366022447983892,-0.7366022447983892,-0.7366022447983892,-0.6763262030691801,-0.6763262030691801,-0.6763262030691801,-0.9413866432522935
2022-07-01 04:24:12.432802+00:00,1656649452.432802,55350.6,0.40978509385232015,0.40978509385232015,0.40978509385232015,-0.9121820963253144,-0.9121820963253144,-0.9121820963253144,-0.40978509385232015,-0.40978509385232015,-0.40978509385232015,-0.9413974556946498
2022-07-01 04:24:12.483829+00:00,1656649452.483829,55350.65,0.101431761637336,0.101431761637336,0.101431761637336,-0.9948424989570694,-0.9948424989570694,-0.9948424989570694,-0.101431761637336,-0.101431761637336,-0.101431761637336,-0.9414082694470003
2022-07-01 04:24:12.534620+00:00,1656649452.5346198,55350.71,-0.2158102287723322,-0.2158102287723322,-0.2158102287723322,-0.9764353256397649,-0.9764353256397649,-0.9764353256397649,0.2158102287723322,0.2158102287723322,0.2158102287723322,-0.9414190321754237
2022-07-01 04:24:12.585306+00:00,1656649452.5853057,55350.76,-0.5106937771885263,-0.5106937771885263,-0.5106937771885263,-0.8597626800117087,-0.8597626800117087,-0.8597626800117087,0.5106937771885263,0.5106937771885263,0.5106937771885263,-0.9414297717260117
2022-07-01 04:24:12.635894+00:00,1656649452.6358943,55350.81,-0.7538152927648343,-0.7538152927648343,-0.7538152927648343,-0.6570863751394235,-0.6570863751394235,-0.6570863751394235,0.7538152927648343,0.7538152927648343,0.7538152927648343,-0.9414404897140461
2022-07-01 04:24:12.686561+00:00,1656649452.6865613,55350.86,-0.9216063601956661,-0.9216063601956661,-0.9216063601956661,-0.3881259033443866,-0.3881259033443866,-0.3881259033443866,0.9216063601956661,0.9216063601956661,0.9216063601956661,-0.9414512233533776
2022-07-01 04:24:12.737088+00:00,1656649452.737088,55350.91,-0.9967108825510124,-0.9967108825510124,-0.9967108825510124,-0.08103959898951885,-0.08103959898951885,-0.08103959898951885,0.9967108825510124,0.9967108825510124,0.9967108825510124,-0.9414619262902215
2022-07-01 04:24:12.787834+00:00,1656649452.7878342,55350.96,-0.9718776258185676,-0.9718776258185676,-0.9718776258185676,0.23548647611543258,0.23548647611543258,0.23548647611543258,0.9718776258185676,0.9718776258185676,0.9718776258185676,-0.94147267478041
2022-07-01 04:24:12.838784+00:00,1656649452.8387842,55351.01,-0.8483970138254132,-0.8483970138254132,-0.8483970138254132,0.5293604697482819,0.5293604697482819,0.5293604697482819,0.8483970138254132,0.8483970138254132,0.8483970138254132,-0.9414834654762062
2022-07-01 04:24:12.889320+00:00,1656649452.88932,55351.06,-0.6407109487020762,-0.6407109487020762,-0.6407109487020762,0.7677821827922848,0.7677821827922848,0.7677821827922848,0.6407109487020762,0.6407109487020762,0.6407109487020762,-0.9414941674768921
2022-07-01 04:24:12.940309+00:00,1656649452.9403086,55351.11,-0.36632115462777964,-0.36632115462777964,-0.36632115462777964,0.9304884801394214,0.9304884801394214,0.9304884801394214,0.36632115462777964,0.36632115462777964,0.36632115462777964,-0.9415049644502791
2022-07-01 04:24:12.991204+00:00,1656649452.9912035,55351.16,-0.055241865209996,-0.055241865209996,-0.055241865209996,0.9984730023030771,0.9984730023030771,0.9984730023030771,0.055241865209996,0.055241865209996,0.055241865209996,-0.9415157406077792
